label	positive_rows	negative_rows	positive_rate
failure_window	29960	1486988	0.019750182603490693
pre_failure_1h	1387	1515561	0.0009143358902216819
pre_failure_6h	8327	1508621	0.0054893114332198595
pre_failure_24h	28668	1488280	0.018898472459174608
post_maintenance	25193	1491755	0.01660768859578575
normal_candidate	1433127	83821	0.944743656341549
